{"intersection": {"bike": {"low": {"local": {"crash": -2.363548116, "injury": -2.368742933, "death": -7.626238305}, "minor_road": {"crash": -2.311901483, "injury": -2.337653979, "death": -5.983973819}, "major_road": {"crash": -2.416290579, "injury": -2.44862596, "death": -5.864007976}}, "medium": {"local": {"crash": -3.428154064, "injury": -3.428154064, "death": -13.38526271}, "minor_road": {"crash": -3.384153844, "injury": -3.39906798, "death": -7.597047432}, "major_road": {"crash": -3.472327347, "injury": -3.49101948, "death": -7.461311393}}, "high": {"local": {"crash": -4.073292497, "injury": -4.078236204, "death": -9.385403186}, "minor_road": {"crash": -3.970912983, "injury": -3.979204667, "death": -8.767558108}, "major_road": {"crash": -3.899284713, "injury": -3.909054291, "death": -8.532647477}}}, "walk": {"low": {"local": {"crash": -4.20873562, "injury": -4.234237913, "death": -7.890446585}, "minor_road": {"crash": -4.124804659, "injury": -4.166988057, "death": -7.311550761}, "major_road": {"crash": -4.072100507, "injury": -4.147147005, "death": -6.699036476}}, "medium": {"local": {"crash": -4.731637047, "injury": -4.750090374, "death": -8.733360119}, "minor_road": {"crash": -4.619186448, "injury": -4.660148873, "death": -7.834697841}, "major_road": {"crash": -4.52800897, "injury": -4.571684033, "death": -7.680744992}}, "high": {"local": {"crash": -5.114863176, "injury": -5.129308601, "death": -9.359454704}, "minor_road": {"crash": -4.923565494, "injury": -4.945673512, "death": -8.746414046}, "major_road": {"crash": -4.81276806, "injury": -4.840826013, "death": -8.4002474}}}}, "roadway": {"bike": {"low": {"local": {"crash": -6.655616144, "injury": -6.681276429, "death": -10.3312297}, "minor_road": {"crash": -5.026554984, "injury": -5.058692826, "death": -8.480301932}, "major_road": {"crash": -4.703151959, "injury": -4.739830887, "death": -8.02698822}}, "medium": {"local": {"crash": -6.343167927, "injury": -6.357045474, "death": -10.62758173}, "minor_road": {"crash": -4.73456145, "injury": -4.746954843, "death": -9.131343551}, "major_road": {"crash": -4.63529449, "injury": -4.656651415, "death": -8.492333187}}, "high": {"local": {"crash": -7.203206415, "injury": -7.209506551, "death": -12.27353899}, "minor_road": {"crash": -5.015369248, "injury": -5.024129052, "death": -9.757327713}, "major_road": {"crash": -5.121642997, "injury": -5.139134073, "death": -9.176440262}}}, "walk": {"low": {"local": {"crash": -7.435918251, "injury": -7.475630888, "death": -10.68179468}, "minor_road": {"crash": -7.314766762, "injury": -7.426962273, "death": -9.557852376}, "major_road": {"crash": -5.556112435, "injury": -5.769135012, "death": -7.207090788}}, "medium": {"local": {"crash": -7.694727475, "injury": -7.724934095, "death": -11.20948694}, "minor_road": {"crash": -7.804564988, "injury": -7.881103062, "death": -10.41255691}, "major_road": {"crash": -5.568363073, "injury": -5.721021894, "death": -7.523271417}}, "high": {"local": {"crash": -7.756439994, "injury": -7.783160385, "death": -11.39209875}, "minor_road": {"crash": -7.735351475, "injury": -7.789602064, "death": -10.67649556}, "major_road": {"crash": -6.157265605, "injury": -6.270431569, "death": -8.392214863}}}}}