{"bicycling": {"crash": {"intersection": {"low": {"local": -2.363548116, "minor_road": -2.311901483, "major_road": -2.416290579}, "medium": {"local": -3.428154064, "minor_road": -3.384153844, "major_road": -3.472327347}, "high": {"local": -4.073292497, "minor_road": -3.970912983, "major_road": -3.899284713}}, "roadway": {"low": {"local": -6.655616144, "minor_road": -5.026554984, "major_road": -4.703151959}, "medium": {"local": -6.343167927, "minor_road": -4.73456145, "major_road": -4.63529449}, "high": {"local": -7.203206415, "minor_road": -5.015369248, "major_road": -5.121642997}}}, "injury": {"intersection": {"low": {"local": -2.368742933, "minor_road": -2.337653979, "major_road": -2.44862596}, "medium": {"local": -3.428154064, "minor_road": -3.39906798, "major_road": -3.49101948}, "high": {"local": -4.078236204, "minor_road": -3.979204667, "major_road": -3.909054291}}, "roadway": {"low": {"local": -6.681276429, "minor_road": -5.058692826, "major_road": -4.739830887}, "medium": {"local": -6.357045474, "minor_road": -4.746954843, "major_road": -4.656651415}, "high": {"local": -7.209506551, "minor_road": -5.024129052, "major_road": -5.139134073}}}, "death": {"intersection": {"low": {"local": -7.626238305, "minor_road": -5.983973819, "major_road": -5.864007976}, "medium": {"local": -13.38526271, "minor_road": -7.597047432, "major_road": -7.461311393}, "high": {"local": -9.385403186, "minor_road": -8.767558108, "major_road": -8.532647477}}, "roadway": {"low": {"local": -10.3312297, "minor_road": -8.480301932, "major_road": -8.02698822}, "medium": {"local": -10.62758173, "minor_road": -9.131343551, "major_road": -8.492333187}, "high": {"local": -12.27353899, "minor_road": -9.757327713, "major_road": -9.176440262}}}}, "walking": {"crash": {"intersection": {"low": {"local": -4.20873562, "minor_road": -4.124804659, "major_road": -4.072100507}, "medium": {"local": -4.731637047, "minor_road": -4.619186448, "major_road": -4.52800897}, "high": {"local": -5.114863176, "minor_road": -4.923565494, "major_road": -4.81276806}}, "roadway": {"low": {"local": -7.435918251, "minor_road": -7.314766762, "major_road": -5.556112435}, "medium": {"local": -7.694727475, "minor_road": -7.804564988, "major_road": -5.568363073}, "high": {"local": -7.756439994, "minor_road": -7.735351475, "major_road": -6.157265605}}}, "injury": {"intersection": {"low": {"local": -4.234237913, "minor_road": -4.166988057, "major_road": -4.147147005}, "medium": {"local": -4.750090374, "minor_road": -4.660148873, "major_road": -4.571684033}, "high": {"local": -5.129308601, "minor_road": -4.945673512, "major_road": -4.840826013}}, "roadway": {"low": {"local": -7.475630888, "minor_road": -7.426962273, "major_road": -5.769135012}, "medium": {"local": -7.724934095, "minor_road": -7.881103062, "major_road": -5.721021894}, "high": {"local": -7.783160385, "minor_road": -7.789602064, "major_road": -6.270431569}}}, "death": {"intersection": {"low": {"local": -7.890446585, "minor_road": -7.311550761, "major_road": -6.699036476}, "medium": {"local": -8.733360119, "minor_road": -7.834697841, "major_road": -7.680744992}, "high": {"local": -9.359454704, "minor_road": -8.746414046, "major_road": -8.4002474}}, "roadway": {"low": {"local": -10.68179468, "minor_road": -9.557852376, "major_road": -7.207090788}, "medium": {"local": -11.20948694, "minor_road": -10.41255691, "major_road": -7.523271417}, "high": {"local": -11.39209875, "minor_road": -10.67649556, "major_road": -8.392214863}}}}, "combined": {"crash": {"intersection": {"low": {"local": -3.2861418679999996, "minor_road": -3.218353071, "major_road": -3.244195543}, "medium": {"local": -4.0798955555, "minor_road": -4.001670146, "major_road": -4.0001681585}, "high": {"local": -4.5940778365, "minor_road": -4.4472392385, "major_road": -4.3560263865}}, "roadway": {"low": {"local": -7.0457671975, "minor_road": -6.170660872999999, "major_road": -5.129632197}, "medium": {"local": -7.018947701, "minor_road": -6.269563219, "major_road": -5.1018287815}, "high": {"local": -7.479823204500001, "minor_road": -6.3753603615, "major_road": -5.639454301000001}}}, "injury": {"intersection": {"low": {"local": -3.301490423, "minor_road": -3.252321018, "major_road": -3.2978864825}, "medium": {"local": -4.089122219, "minor_road": -4.029608426499999, "major_road": -4.0313517565}, "high": {"local": -4.603772402500001, "minor_road": -4.4624390895, "major_road": -4.374940152}}, "roadway": {"low": {"local": -7.078453658500001, "minor_road": -6.242827549499999, "major_road": -5.2544829495}, "medium": {"local": -7.040989784500001, "minor_road": -6.3140289525, "major_road": -5.188836654499999}, "high": {"local": -7.4963334679999996, "minor_road": -6.406865558, "major_road": -5.704782821}}}, "death": {"intersection": {"low": {"local": -7.758342445, "minor_road": -6.64776229, "major_road": -6.281522226}, "medium": {"local": -11.0593114145, "minor_road": -7.7158726365, "major_road": -7.5710281925}, "high": {"local": -9.372428945, "minor_road": -8.756986077, "major_road": -8.4664474385}}, "roadway": {"low": {"local": -10.506512189999999, "minor_road": -9.019077154, "major_road": -7.617039504}, "medium": {"local": -10.918534335, "minor_road": -9.7719502305, "major_road": -8.007802302}, "high": {"local": -11.83281887, "minor_road": -10.2169116365, "major_road": -8.7843275625}}}}}