{
    "bicycling":
    {
        "crash":
        {
            "intersection":
            {
                "high":
                {
                    "local": -4.073292497,
                    "major_road": -3.899284713,
                    "minor_road": -3.970912983
                },
                "low":
                {
                    "local": -2.363548116,
                    "major_road": -2.416290579,
                    "minor_road": -2.311901483
                },
                "medium":
                {
                    "local": -3.428154064,
                    "major_road": -3.472327347,
                    "minor_road": -3.384153844
                }
            },
            "roadway":
            {
                "high":
                {
                    "local": -7.203206415,
                    "major_road": -5.121642997,
                    "minor_road": -5.015369248
                },
                "low":
                {
                    "local": -6.655616144,
                    "major_road": -4.703151959,
                    "minor_road": -5.026554984
                },
                "medium":
                {
                    "local": -6.343167927,
                    "major_road": -4.63529449,
                    "minor_road": -4.73456145
                }
            }
        },
        "death":
        {
            "intersection":
            {
                "high":
                {
                    "local": -9.385403186,
                    "major_road": -8.532647477,
                    "minor_road": -8.767558108
                },
                "low":
                {
                    "local": -7.626238305,
                    "major_road": -5.864007976,
                    "minor_road": -5.983973819
                },
                "medium":
                {
                    "local": -13.38526271,
                    "major_road": -7.461311393,
                    "minor_road": -7.597047432
                }
            },
            "roadway":
            {
                "high":
                {
                    "local": -12.27353899,
                    "major_road": -9.176440262,
                    "minor_road": -9.757327713
                },
                "low":
                {
                    "local": -10.3312297,
                    "major_road": -8.02698822,
                    "minor_road": -8.480301932
                },
                "medium":
                {
                    "local": -10.62758173,
                    "major_road": -8.492333187,
                    "minor_road": -9.131343551
                }
            }
        },
        "injury":
        {
            "intersection":
            {
                "high":
                {
                    "local": -4.078236204,
                    "major_road": -3.909054291,
                    "minor_road": -3.979204667
                },
                "low":
                {
                    "local": -2.368742933,
                    "major_road": -2.44862596,
                    "minor_road": -2.337653979
                },
                "medium":
                {
                    "local": -3.428154064,
                    "major_road": -3.49101948,
                    "minor_road": -3.39906798
                }
            },
            "roadway":
            {
                "high":
                {
                    "local": -7.209506551,
                    "major_road": -5.139134073,
                    "minor_road": -5.024129052
                },
                "low":
                {
                    "local": -6.681276429,
                    "major_road": -4.739830887,
                    "minor_road": -5.058692826
                },
                "medium":
                {
                    "local": -6.357045474,
                    "major_road": -4.656651415,
                    "minor_road": -4.746954843
                }
            }
        }
    },
    "walking":
    {
        "crash":
        {
            "intersection":
            {
                "high":
                {
                    "local": -5.114863176,
                    "major_road": -4.81276806,
                    "minor_road": -4.923565494
                },
                "low":
                {
                    "local": -4.20873562,
                    "major_road": -4.072100507,
                    "minor_road": -4.124804659
                },
                "medium":
                {
                    "local": -4.731637047,
                    "major_road": -4.52800897,
                    "minor_road": -4.619186448
                }
            },
            "roadway":
            {
                "high":
                {
                    "local": -7.756439994,
                    "major_road": -6.157265605,
                    "minor_road": -7.735351475
                },
                "low":
                {
                    "local": -7.435918251,
                    "major_road": -5.556112435,
                    "minor_road": -7.314766762
                },
                "medium":
                {
                    "local": -7.694727475,
                    "major_road": -5.568363073,
                    "minor_road": -7.804564988
                }
            }
        },
        "death":
        {
            "intersection":
            {
                "high":
                {
                    "local": -9.359454704,
                    "major_road": -8.4002474,
                    "minor_road": -8.746414046
                },
                "low":
                {
                    "local": -7.890446585,
                    "major_road": -6.699036476,
                    "minor_road": -7.311550761
                },
                "medium":
                {
                    "local": -8.733360119,
                    "major_road": -7.680744992,
                    "minor_road": -7.834697841
                }
            },
            "roadway":
            {
                "high":
                {
                    "local": -11.39209875,
                    "major_road": -8.392214863,
                    "minor_road": -10.67649556
                },
                "low":
                {
                    "local": -10.68179468,
                    "major_road": -7.207090788,
                    "minor_road": -9.557852376
                },
                "medium":
                {
                    "local": -11.20948694,
                    "major_road": -7.523271417,
                    "minor_road": -10.41255691
                }
            }
        },
        "injury":
        {
            "intersection":
            {
                "high":
                {
                    "local": -5.129308601,
                    "major_road": -4.840826013,
                    "minor_road": -4.945673512
                },
                "low":
                {
                    "local": -4.234237913,
                    "major_road": -4.147147005,
                    "minor_road": -4.166988057
                },
                "medium":
                {
                    "local": -4.750090374,
                    "major_road": -4.571684033,
                    "minor_road": -4.660148873
                }
            },
            "roadway":
            {
                "high":
                {
                    "local": -7.783160385,
                    "major_road": -6.270431569,
                    "minor_road": -7.789602064
                },
                "low":
                {
                    "local": -7.475630888,
                    "major_road": -5.769135012,
                    "minor_road": -7.426962273
                },
                "medium":
                {
                    "local": -7.724934095,
                    "major_road": -5.721021894,